{
    "acc_bias": [
        0.03544,
        -0.02375,
        -0.3103
    ],
    "acc_scale": [
        0.9998,
        0.9995,
        0.9974
    ],
    "device": {
        "eye_target_height_in_pixels": 1200,
        "eye_target_width_in_pixels": 1080,
        "first_eye": "eEYE_LEFT",
        "last_eye": "eEYE_RIGHT",
        "num_windows": 1,
        "persistence": 0.011110999621450901,
        "physical_aspect_x_over_y": 0.8999999761581421
    },
    "device_class": "generic_tracker",
    "device_pid": 8192,
    "device_serial_number": "LHR-0DEAC323",
    "device_vid": 10462,
    "display_edid": [
        "",
        ""
    ],
    "display_gc": {
        "black_clamp": 0.0117647061124444
    },
    "display_mc": {
        "left": "Green_46GA16AD010301_mura_analyzes.mc",
        "offset": -0.49803921580314636,
        "right": "Green_46HA16AH012862_mura_analyzes.mc",
        "scale": 0.125,
        "type": 1
    },
    "gyro_bias": [
        -0.006492,
        -0.004641,
        0.0019
    ],
    "gyro_scale": [
        1.0,
        1.0,
        1.0
    ],
    "htcComposeTime": "2016-10-22 23:03:47.986000",
    "l_revision": 49229,
    "lens_separation": 0.06219471991062164,
    "lighthouse_config": {
        "channelMap": [
            0,
            1,
            2,
            3,
            4,
            5,
            6,
            7,
            8,
            9,
            10,
            11,
            12,
            13,
            14,
            15,
            16,
            17,
            18,
            19,
            20,
            21,
            22,
            23,
            24,
            25,
            26,
            27,
            28,
            29,
            30,
            31
        ],
        "modelNormals": [
            [
                0.6565292477607727,
                0.08003702759742737,
                0.7500423192977905
            ],
            [
                1,
                0,
                0
            ],
            [
                0.9510334134101868,
                0.1922958791255951,
                -0.24198685586452484
            ],
            [
                0.8633409738540649,
                0.26114100217819214,
                -0.43179601430892944
            ],
            [
                0.5620832443237305,
                0.8270804286003113,
                -0.0007020003395155072
            ],
            [
                0.5567418932914734,
                0.8186168074607849,
                -0.1410849690437317
            ],
            [
                0.12751400470733643,
                0.36096900701522827,
                0.9238190054893494
            ],
            [
                0.19732795655727386,
                0.7212077975273132,
                0.6640188097953796
            ],
            [
                0.19732792675495148,
                -0.7205037474632263,
                0.6647827625274658
            ],
            [
                0.4602000117301941,
                0.003066000062972307,
                0.8878099918365479
            ],
            [
                0.025263000279664993,
                -0.7483329772949219,
                0.6628419756889343
            ],
            [
                0.5567419528961182,
                -0.8187658786773682,
                -0.14021699130535126
            ],
            [
                0.5620829463005066,
                -0.8270809054374695,
                0.00017499997920822352
            ],
            [
                0.8633410930633545,
                -0.26159802079200745,
                -0.4315190613269806
            ],
            [
                0.9510335326194763,
                -0.19255191087722778,
                -0.24178287386894226
            ],
            [
                0.6565289497375488,
                -0.07924199104309082,
                0.7501268982887268
            ],
            [
                -0.19732795655727386,
                0.7212077975273132,
                0.6640188097953796
            ],
            [
                -0.12751400470733643,
                0.36096900701522827,
                0.9238190054893494
            ],
            [
                -0.5567418932914734,
                0.8186168074607849,
                -0.1410849690437317
            ],
            [
                -0.5620832443237305,
                0.8270804286003113,
                -0.0007020003395155072
            ],
            [
                -0.8633409738540649,
                0.26114100217819214,
                -0.43179601430892944
            ],
            [
                -0.9510334134101868,
                0.1922958791255951,
                -0.24198685586452484
            ],
            [
                -1,
                0,
                0
            ],
            [
                -0.6565292477607727,
                0.08003702759742737,
                0.7500423192977905
            ],
            [
                -0.6565289497375488,
                -0.07924199104309082,
                0.7501268982887268
            ],
            [
                -0.9510335326194763,
                -0.19255191087722778,
                -0.24178287386894226
            ],
            [
                -0.8633410930633545,
                -0.26159802079200745,
                -0.4315190613269806
            ],
            [
                -0.5620829463005066,
                -0.8270809054374695,
                0.00017499997920822352
            ],
            [
                -0.5567419528961182,
                -0.8187658786773682,
                -0.14021699130535126
            ],
            [
                -0.025263000279664993,
                -0.7483329772949219,
                0.6628419756889343
            ],
            [
                -0.4602000117301941,
                0.003066000062972307,
                0.8878099918365479
            ],
            [
                -0.19732792675495148,
                -0.7205037474632263,
                0.6647827625274658
            ]
        ],