{
    "acc_bias": [
        -0.05812,
        0.2512,
        -0.317
    ],
    "acc_scale": [
        0.9999,
        0.9999,
        0.9976
    ],
    "device_class": "generic_tracker",
    "device_pid": 8210,
    "device_serial_number": "LHR-FFED5F47",
    "device_vid": 10462,
    "gyro_bias": [
        0.03151,
        -0.007298,
        0.006133
    ],
    "gyro_scale": [
        1.0,
        1.0,
        1.0
    ],
    "htcComposeTime": "2016-09-13 09:54:58.327000",
    "lighthouse_config": {
        "channelMap": [
            0,
            1,
            2,
            3,
            4,
            5,
            6,
            7,
            8,
            9,
            10,
            11,
            12,
            13,
            14,
            15,
            16,
            17,
            18,
            19,
            20,
            21,
            22,
            23
        ],
        "modelNormals": [
            [
                -0.5913480520248413,
                0.31871703267097473,
                -0.7407610416412354
            ],
            [
                -0.7573763728141785,
                0.4692562520503998,
                -0.45407021045684814
            ],
            [
                -0.777337908744812,
                0.5316529273986816,
                -0.3362899720668793
            ],
            [
                -0.4884379506111145,
                0.8437519073486328,
                0.22251096367835999
            ],
            [
                0.7505170106887817,
                0.5302649736404419,
                -0.3943899869918823
            ],
            [
                -0.7505170106887817,
                0.5302649736404419,
                -0.3943899869918823
            ],
            [
                0,
                0.9245688915252686,
                0.38101494312286377
            ],
            [
                0.4884379506111145,
                0.8437519073486328,
                0.22251096367835999
            ],
            [
                0.777337908744812,
                0.5316529273986816,
                -0.3362899720668793
            ],
            [
                0.7573763728141785,
                0.4692562520503998,
                -0.45407021045684814
            ],
            [
                0.5913480520248413,
                0.31871703267097473,
                -0.7407610416412354
            ],
            [
                -0.5849689841270447,
                -0.8044440150260925,
                0.10334999859333038
            ],
            [
                0.01920900121331215,
                -0.6634160876274109,
                -0.7480040788650513
            ],
            [
                -0.6286242008209229,
                -0.6735491752624512,
                0.3887970745563507
            ],
            [
                0.09504295885562897,
                0.4070657789707184,
                0.9084405899047852
            ],
            [
                -0.4120441973209381,
                -0.5367212295532227,
                0.7363083362579346
            ],
            [
                0.6496122479438782,
                -0.5894832611083984,
                -0.48011818528175354
            ],
            [
                0,
                -0.4897621273994446,
                0.871856153011322
            ],
            [
                -0.6496122479438782,
                -0.5894832611083984,
                -0.48011818528175354
            ],
            [
                0.4120441973209381,
                -0.5367212295532227,
                0.7363083362579346
            ],
            [
                -0.09504295885562897,
                0.4070657789707184,
                0.9084405899047852
            ],
            [
                0.6286242008209229,
                -0.6735491752624512,
                0.3887970745563507
            ],
            [
                -0.01920900121331215,
                -0.6634160876274109,
                -0.7480040788650513
            ],
            [
                0.5849689841270447,
                -0.8044440150260925,
                0.10334999859333038
            ]
        ],
        "modelPoints": [
            [
                -0.033902041614055634,
                0.07118313014507294,
                -0.02200322598218918
            ],
            [
                -0.03628774732351303,
                0.08964423090219498,
                -0.007970879785716534
            ],
            [
                -0.052639469504356384,
                0.0757363960146904,
                0.007828643545508385
            ],
            [
                -0.027180081233382225,
                0.10274175554513931,
                0.0322829969227314
            ],
            [
                -0.029368294402956963,
                0.09461642056703568,
                0.0006631701835431159
            ],
            [
                0.02932826802134514,
                0.09455347806215286,
                0.0006646178662776947
            ],
            [
                0.00017923596897162497,
                0.11079762130975723,
                0.03171743452548981
            ],
            [
                0.0271667018532753,
                0.10271334648132324,
                0.03231409192085266
            ],
            [
                0.05280957370996475,
                0.07562988996505737,
                0.00799754448235035
            ],
            [
                0.036312177777290344,
                0.08955585956573486,
                -0.008170154877007008
            ],
            [
                0.03388661891222,
                0.07130440324544907,
                -0.022044993937015533
            ],
            [
                -0.031211361289024353,
                0.06521199643611908,
                -0.016521845012903214
            ],
            [
                -0.04549986124038696,
                0.06459091603755951,
                -0.003017710754647851
            ],
            [
                -0.05180932953953743,
                0.06751763820648193,
                0.015266050584614277
            ],
            [
                -0.04582735523581505,
                0.07716865092515945,
                0.01978359930217266
            ],
            [
                -0.03053324483335018,
                0.09313714504241943,
                0.03070475161075592
            ],
            [
                -0.01529902033507824,
                0.08412113785743713,
                0.02244648151099682
            ],
            [
                -8.718800381757319e-05,
                0.05576132610440254,
                -0.014074907638132572
            ],
            [
                0.015313305892050266,
                0.08437896519899368,
                0.02217676118016243
            ],
            [
                0.030895603820681572,
                0.09314031898975372,
                0.030505027621984482
            ],
            [
                0.045833539217710495,
                0.07730981707572937,
                0.019585847854614258
            ],
            [
                0.05180460587143898,
                0.06757088005542755,
                0.015469672158360481
            ],
            [
                0.04544634744524956,
                0.06460287421941757,
                -0.003019369672983885
            ],
            [
                0.030826598405838013,
                0.06501934677362442,
                -0.01650797761976719
            ]
        ]
    },
    "manufacturer": "HTC",