{
    "acc_bias": [
        -0.06299,
        0.05339,
        -0.1857
    ],
    "acc_scale": [
        0.9996,
        0.9996,
        0.999
    ],
    "device_class": "controller",
    "device_pid": 8210,
    "device_serial_number": "LHR-F7FF5941",
    "device_vid": 10462,
    "gyro_bias": [
        -0.02237,
        0.001622,
        -0.004903
    ],
    "gyro_scale": [
        1.0,
        1.0,
        1.0
    ],
    "htcComposeTime": "2016-09-13 09:48:05.538000",
    "lighthouse_config": {
        "channelMap": [
            0,
            1,
            2,
            3,
            4,
            5,
            6,
            7,
            8,
            9,
            10,
            11,
            12,
            13,
            14,
            15,
            16,
            17,
            18,
            19,
            20,
            21,
            22,
            23
        ],
        "modelNormals": [
            [
                -0.5913480520248413,
                0.31871703267097473,
                -0.7407610416412354
            ],
            [
                -0.7573763728141785,
                0.4692562520503998,
                -0.45407021045684814
            ],
            [
                -0.777337908744812,
                0.5316529273986816,
                -0.3362899720668793
            ],
            [
                -0.4884379506111145,
                0.8437519073486328,
                0.22251096367835999
            ],
            [
                0.7505170106887817,
                0.5302649736404419,
                -0.3943899869918823
            ],
            [
                -0.7505170106887817,
                0.5302649736404419,
                -0.3943899869918823
            ],
            [
                0,
                0.9245688915252686,
                0.38101494312286377
            ],
            [
                0.4884379506111145,
                0.8437519073486328,
                0.22251096367835999
            ],
            [
                0.777337908744812,
                0.5316529273986816,
                -0.3362899720668793
            ],
            [
                0.7573763728141785,
                0.4692562520503998,
                -0.45407021045684814
            ],
            [
                0.5913480520248413,
                0.31871703267097473,
                -0.7407610416412354
            ],
            [
                -0.5849689841270447,
                -0.8044440150260925,
                0.10334999859333038
            ],
            [
                0.01920900121331215,
                -0.6634160876274109,
                -0.7480040788650513
            ],
            [
                -0.6286242008209229,
                -0.6735491752624512,
                0.3887970745563507
            ],
            [
                0.09504295885562897,
                0.4070657789707184,
                0.9084405899047852
            ],
            [
                -0.4120441973209381,
                -0.5367212295532227,
                0.7363083362579346
            ],
            [
                0.6496122479438782,
                -0.5894832611083984,
                -0.48011818528175354
            ],
            [
                0,
                -0.4897621273994446,
                0.871856153011322
            ],
            [
                -0.6496122479438782,
                -0.5894832611083984,
                -0.48011818528175354
            ],
            [
                0.4120441973209381,
                -0.5367212295532227,
                0.7363083362579346
            ],
            [
                -0.09504295885562897,
                0.4070657789707184,
                0.9084405899047852
            ],
            [
                0.6286242008209229,
                -0.6735491752624512,
                0.3887970745563507
            ],
            [
                -0.01920900121331215,
                -0.6634160876274109,
                -0.7480040788650513
            ],
            [
                0.5849689841270447,
                -0.8044440150260925,
                0.10334999859333038
            ]
        ],
        "modelPoints": [
            [
                -0.03390754759311676,
                0.07115799188613892,
                -0.021969150751829147
            ],
            [
                -0.03630368784070015,
                0.08955219388008118,
                -0.007891966961324215
            ],
            [
                -0.05269116535782814,
                0.07569604367017746,
                0.008035997860133648
            ],
            [
                -0.02724580280482769,
                0.10269065946340561,
                0.032180432230234146
            ],
            [
                -0.029354451224207878,
                0.09450789541006088,
                0.000649633351713419
            ],
            [
                0.02947908267378807,
                0.09450671821832657,
                0.0006614918238483369
            ],
            [
                0.00010165341518586501,
                0.11071158945560455,
                0.03178878501057625
            ],
            [
                0.027174729853868484,
                0.1026935949921608,
                0.032356202602386475
            ],
            [
                0.05273732170462608,
                0.07575834542512894,
                0.007926540449261665
            ],
            [
                0.03637177124619484,
                0.08957094699144363,
                -0.007915697991847992
            ],
            [
                0.033924877643585205,
                0.07110683619976044,
                -0.022035973146557808
            ],
            [
                -0.031212709844112396,
                0.06521663814783096,
                -0.016477297991514206
            ],
            [
                -0.045395225286483765,
                0.06473695486783981,
                -0.0030368436127901077
            ],
            [
                -0.05203266069293022,
                0.06744235754013062,
                0.015152285806834698
            ],
            [
                -0.04588649421930313,
                0.07745227217674255,
                0.019775334745645523
            ],
            [
                -0.030563147738575935,
                0.09313388168811798,
                0.03070356883108616
            ],
            [
                -0.015191076323390007,
                0.08420857787132263,
                0.0222586989402771
            ],
            [
                -3.488218135316856e-05,
                0.055761922150850296,
                -0.013991370797157288
            ],
            [
                0.01525973156094551,
                0.08431334793567657,
                0.02222798764705658
            ],
            [
                0.03093097358942032,
                0.09312575310468674,
                0.030493056401610374
            ],
            [
                0.04581569507718086,
                0.07736708968877792,
                0.0195606779307127
            ],
            [
                0.05180864408612251,
                0.0676022619009018,
                0.015407485887408257
            ],
            [
                0.04548301920294762,
                0.06465182453393936,
                -0.003274439601227641
            ],
            [
                0.030888626351952553,
                0.06504234671592712,
                -0.016510803252458572
            ]
        ]
    },
    "manufacturer": "HTC",